Region,Value,Year,Metric_Type
ANDALUCÍA,8168.6,2008,Número de Habitantes
ARAGÓN,1336.4,2008,Número de Habitantes
"ASTURIAS, PRINCIPADO DE",1074.0,2008,Número de Habitantes
"BALEARS, ILLES",1057.4,2008,Número de Habitantes
CANARIAS,2010.0,2008,Número de Habitantes
CANTABRIA,581.2,2008,Número de Habitantes
CASTILLA Y LEÓN,2546.4,2008,Número de Habitantes
CASTILLA - LA MANCHA,2050.5,2008,Número de Habitantes
CATALUÑA,7377.1,2008,Número de Habitantes
COMUNITAT VALENCIANA,4959.6,2008,Número de Habitantes
EXTREMADURA,1091.5,2008,Número de Habitantes
GALICIA,2760.0,2008,Número de Habitantes
"MADRID, COMUNIDAD DE",6283.7,2008,Número de Habitantes
"MURCIA, REGIÓN DE",1431.5,2008,Número de Habitantes
"NAVARRA, COMUNIDAD FORAL DE",622.0,2008,Número de Habitantes
PAÍS VASCO,2166.8,2008,Número de Habitantes
"RIOJA, LA",318.4,2008,Número de Habitantes
CEUTA,75.8,2008,Número de Habitantes
MELILLA,72.2,2008,Número de Habitantes
ANDALUCÍA,0.1776431392334592,2008,Estructura Porcentual
ARAGÓN,0.029062788148715185,2008,Estructura Porcentual
"ASTURIAS, PRINCIPADO DE",0.023356356234450846,2008,Estructura Porcentual
"BALEARS, ILLES",0.022995354825240528,2008,Estructura Porcentual
CANARIAS,0.04371161641643035,2008,Estructura Porcentual
CANTABRIA,0.012639398736930011,2008,Estructura Porcentual
CASTILLA Y LEÓN,0.05537674628994938,2008,Estructura Porcentual
CASTILLA - LA MANCHA,0.044592372866612155,2008,Estructura Porcentual
CATALUÑA,0.16043033107743698,2008,Estructura Porcentual
COMUNITAT VALENCIANA,0.1078567824770786,2008,Estructura Porcentual
EXTREMADURA,0.02373693000922076,2008,Estructura Porcentual
GALICIA,0.06002192104942675,2008,Estructura Porcentual
"MADRID, COMUNIDAD DE",0.13665208162981263,2008,Estructura Porcentual
"MURCIA, REGIÓN DE",0.031130934776179127,2008,Estructura Porcentual
"NAVARRA, COMUNIDAD FORAL DE",0.013526679308965015,2008,Estructura Porcentual
PAÍS VASCO,0.0471215574383688,2008,Estructura Porcentual
"RIOJA, LA",0.006924267993528071,2008,Estructura Porcentual
CEUTA,0.001648428121574836,2008,Estructura Porcentual
MELILLA,0.0015701386593364535,2008,Estructura Porcentual
ANDALUCÍA,0.014380091396781314,2008,Tasa de Variación Interanual
ARAGÓN,0.020620131357873772,2008,Tasa de Variación Interanual
"ASTURIAS, PRINCIPADO DE",0.00561797752808979,2008,Tasa de Variación Interanual
"BALEARS, ILLES",0.031408505657432695,2008,Tasa de Variación Interanual
CANARIAS,0.021341463414634054,2008,Tasa de Variación Interanual
CANTABRIA,0.015019210618232748,2008,Tasa de Variación Interanual
CASTILLA Y LEÓN,0.00711912672045556,2008,Tasa de Variación Interanual
CASTILLA - LA MANCHA,0.02356112414516054,2008,Tasa de Variación Interanual
CATALUÑA,0.02002129336448988,2008,Tasa de Variación Interanual
COMUNITAT VALENCIANA,0.018879552971629465,2008,Tasa de Variación Interanual
EXTREMADURA,0.005249585559034875,2008,Tasa de Variación Interanual
GALICIA,0.0046958610898766295,2008,Tasa de Variación Interanual
"MADRID, COMUNIDAD DE",0.02127486672734369,2008,Tasa de Variación Interanual
"MURCIA, REGIÓN DE",0.018933731938216125,2008,Tasa de Variación Interanual
"NAVARRA, COMUNIDAD FORAL DE",0.02000655952771413,2008,Tasa de Variación Interanual
PAÍS VASCO,0.0072985914183443246,2008,Tasa de Variación Interanual
"RIOJA, LA",0.019206145966709443,2008,Tasa de Variación Interanual
CEUTA,0.01608579088471851,2008,Tasa de Variación Interanual
MELILLA,0.029957203994293913,2008,Tasa de Variación Interanual
ANDALUCÍA,8244.5,2009,Número de Habitantes
ARAGÓN,1344.5,2009,Número de Habitantes
"ASTURIAS, PRINCIPADO DE",1076.4,2009,Número de Habitantes
"BALEARS, ILLES",1078.1,2009,Número de Habitantes
CANARIAS,2034.2,2009,Número de Habitantes
CANTABRIA,586.8,2009,Número de Habitantes
CASTILLA Y LEÓN,2547.6,2009,Número de Habitantes
CASTILLA - LA MANCHA,2075.9,2009,Número de Habitantes
CATALUÑA,7447.3,2009,Número de Habitantes
COMUNITAT VALENCIANA,4984.4,2009,Número de Habitantes
EXTREMADURA,1097.1,2009,Número de Habitantes
GALICIA,2769.1,2009,Número de Habitantes
"MADRID, COMUNIDAD DE",6354.1,2009,Número de Habitantes
"MURCIA, REGIÓN DE",1448.5,2009,Número de Habitantes
"NAVARRA, COMUNIDAD FORAL DE",630.1,2009,Número de Habitantes
PAÍS VASCO,2177.0,2009,Número de Habitantes
"RIOJA, LA",319.8,2009,Número de Habitantes
CEUTA,77.8,2009,Número de Habitantes
MELILLA,74.5,2009,Número de Habitantes
ANDALUCÍA,0.17780734823454308,2009,Estructura Porcentual
ARAGÓN,0.028996540687894135,2009,Estructura Porcentual
"ASTURIAS, PRINCIPADO DE",0.02321448597727724,2009,Estructura Porcentual
"BALEARS, ILLES",0.02325114950957134,2009,Estructura Porcentual
CANARIAS,0.04387115140744831,2009,Estructura Porcentual
CANTABRIA,0.012655388676575884,2009,Estructura Porcentual
CASTILLA Y LEÓN,0.054943538160267084,2009,Estructura Porcentual
CASTILLA - LA MANCHA,0.044770486287838925,2009,Estructura Porcentual
CATALUÑA,0.16061430826697953,2009,Estructura Porcentual
COMUNITAT VALENCIANA,0.10749747668630681,2009,Estructura Porcentual
EXTREMADURA,0.023660918399917182,2009,Estructura Porcentual
GALICIA,0.05972058075035154,2009,Estructura Porcentual
"MADRID, COMUNIDAD DE",0.13703750032350176,2009,Estructura Porcentual
"MURCIA, REGIÓN DE",0.031239486192945073,2009,Estructura Porcentual
"NAVARRA, COMUNIDAD FORAL DE",0.013589230410890364,2009,Estructura Porcentual
PAÍS VASCO,0.04695088812015287,2009,Estructura Porcentual
"RIOJA, LA",0.006897057428031643,2009,Estructura Porcentual
CEUTA,0.001677895772047723,2009,Estructura Porcentual
MELILLA,0.0016067253858297605,2009,Estructura Porcentual
ANDALUCÍA,0.009291677888499716,2009,Tasa de Variación Interanual
ARAGÓN,0.006061059563005067,2009,Tasa de Variación Interanual
"ASTURIAS, PRINCIPADO DE",0.0022346368715084886,2009,Tasa de Variación Interanual
"BALEARS, ILLES",0.01957631927368997,2009,Tasa de Variación Interanual
CANARIAS,0.012039800995024885,2009,Tasa de Variación Interanual
CANTABRIA,0.009635237439779676,2009,Tasa de Variación Interanual
CASTILLA Y LEÓN,0.0004712535344013613,2009,Tasa de Variación Interanual
CASTILLA - LA MANCHA,0.012387222628627237,2009,Tasa de Variación Interanual
CATALUÑA,0.009515934445784913,2009,Tasa de Variación Interanual
COMUNITAT VALENCIANA,0.0050004032583270686,2009,Tasa de Variación Interanual
EXTREMADURA,0.005130554283096611,2009,Tasa de Variación Interanual
GALICIA,0.003297101449275308,2009,Tasa de Variación Interanual
"MADRID, COMUNIDAD DE",0.01120359024141826,2009,Tasa de Variación Interanual
"MURCIA, REGIÓN DE",0.011875654907439692,2009,Tasa de Variación Interanual
"NAVARRA, COMUNIDAD FORAL DE",0.01302250803858529,2009,Tasa de Variación Interanual
PAÍS VASCO,0.004707402621377144,2009,Tasa de Variación Interanual
"RIOJA, LA",0.0043969849246232595,2009,Tasa de Variación Interanual
CEUTA,0.02638522427440626,2009,Tasa de Variación Interanual
MELILLA,0.03185595567867039,2009,Tasa de Variación Interanual
ANDALUCÍA,8302.9,2010,Número de Habitantes
ARAGÓN,1343.8,2010,Número de Habitantes
"ASTURIAS, PRINCIPADO DE",1076.2,2010,Número de Habitantes
"BALEARS, ILLES",1087.6,2010,Número de Habitantes
CANARIAS,2053.1,2010,Número de Habitantes
CANTABRIA,589.6,2010,Número de Habitantes
CASTILLA Y LEÓN,2545.4,2010,Número de Habitantes
CASTILLA - LA MANCHA,2090.6,2010,Número de Habitantes
CATALUÑA,7477.3,2010,Número de Habitantes
COMUNITAT VALENCIANA,4988.9,2010,Número de Habitantes
EXTREMADURA,1100.4,2010,Número de Habitantes
GALICIA,2771.8,2010,Número de Habitantes
"MADRID, COMUNIDAD DE",6384.4,2010,Número de Habitantes
"MURCIA, REGIÓN DE",1456.5,2010,Número de Habitantes
"NAVARRA, COMUNIDAD FORAL DE",635.0,2010,Número de Habitantes
PAÍS VASCO,2181.1,2010,Número de Habitantes
"RIOJA, LA",319.9,2010,Número de Habitantes
CEUTA,80.6,2010,Número de Habitantes
MELILLA,77.4,2010,Número de Habitantes
ANDALUCÍA,0.1783173154362416,2010,Estructura Porcentual
ARAGÓN,0.02886013422818792,2010,Estructura Porcentual
"ASTURIAS, PRINCIPADO DE",0.02311302013422819,2010,Estructura Porcentual
"BALEARS, ILLES",0.023357852348993288,2010,Estructura Porcentual
CANARIAS,0.044093422818791944,2010,Estructura Porcentual
CANTABRIA,0.01266255033557047,2010,Estructura Porcentual
CASTILLA Y LEÓN,0.05466630872483222,2010,Estructura Porcentual
CASTILLA - LA MANCHA,0.044898791946308726,2010,Estructura Porcentual
CATALUÑA,0.1605863087248322,2010,Estructura Porcentual
COMUNITAT VALENCIANA,0.10714416107382549,2010,Estructura Porcentual
EXTREMADURA,0.02363275167785235,2010,Estructura Porcentual
GALICIA,0.05952859060402685,2010,Estructura Porcentual
"MADRID, COMUNIDAD DE",0.1371146308724832,2010,Estructura Porcentual
"MURCIA, REGIÓN DE",0.03128053691275168,2010,Estructura Porcentual
"NAVARRA, COMUNIDAD FORAL DE",0.01363758389261745,2010,Estructura Porcentual
PAÍS VASCO,0.046842416107382545,2010,Estructura Porcentual
"RIOJA, LA",0.006870335570469798,2010,Estructura Porcentual
CEUTA,0.0017310067114093958,2010,Estructura Porcentual
MELILLA,0.001662281879194631,2010,Estructura Porcentual
ANDALUCÍA,0.00708351021893372,2010,Tasa de Variación Interanual
ARAGÓN,-0.000520639642989984,2010,Tasa de Variación Interanual
"ASTURIAS, PRINCIPADO DE",-0.00018580453363070681,2010,Tasa de Variación Interanual
"BALEARS, ILLES",0.008811798534458681,2010,Tasa de Variación Interanual
CANARIAS,0.009291121816930481,2010,Tasa de Variación Interanual
CANTABRIA,0.0047716428084527696,2010,Tasa de Variación Interanual
CASTILLA Y LEÓN,-0.0008635578583764403,2010,Tasa de Variación Interanual
CASTILLA - LA MANCHA,0.007081265956934146,2010,Tasa de Variación Interanual
CATALUÑA,0.004028305560404455,2010,Tasa de Variación Interanual
COMUNITAT VALENCIANA,0.0009028167883797789,2010,Tasa de Variación Interanual
EXTREMADURA,0.0030079299972656237,2010,Tasa de Variación Interanual
GALICIA,0.0009750460438411324,2010,Tasa de Variación Interanual
"MADRID, COMUNIDAD DE",0.004768574621110577,2010,Tasa de Variación Interanual
"MURCIA, REGIÓN DE",0.005522954780807776,2010,Tasa de Variación Interanual
"NAVARRA, COMUNIDAD FORAL DE",0.007776543405808578,2010,Tasa de Variación Interanual
PAÍS VASCO,0.001883325677537906,2010,Tasa de Variación Interanual
"RIOJA, LA",0.00031269543464662597,2010,Tasa de Variación Interanual
CEUTA,0.0359897172236503,2010,Tasa de Variación Interanual
MELILLA,0.03892617449664426,2010,Tasa de Variación Interanual
ANDALUCÍA,8352.8,2011,Número de Habitantes
ARAGÓN,1344.5,2011,Número de Habitantes
"ASTURIAS, PRINCIPADO DE",1075.1,2011,Número de Habitantes
"BALEARS, ILLES",1095.5,2011,Número de Habitantes
CANARIAS,2074.0,2011,Número de Habitantes
CANTABRIA,591.6,2011,Número de Habitantes
CASTILLA Y LEÓN,2541.4,2011,Número de Habitantes
CASTILLA - LA MANCHA,2103.3,2011,Número de Habitantes
CATALUÑA,7504.0,2011,Número de Habitantes
COMUNITAT VALENCIANA,5002.1,2011,Número de Habitantes
EXTREMADURA,1103.5,2011,Número de Habitantes
GALICIA,2771.7,2011,Número de Habitantes
"MADRID, COMUNIDAD DE",6409.1,2011,Número de Habitantes
"MURCIA, REGIÓN DE",1461.1,2011,Número de Habitantes
"NAVARRA, COMUNIDAD FORAL DE",638.6,2011,Número de Habitantes
PAÍS VASCO,2184.0,2011,Número de Habitantes
"RIOJA, LA",321.1,2011,Número de Habitantes
CEUTA,82.9,2011,Número de Habitantes
MELILLA,80.2,2011,Número de Habitantes
ANDALUCÍA,0.17872189283276593,2011,Estructura Porcentual
ARAGÓN,0.028767788635386198,2011,Estructura Porcentual
"ASTURIAS, PRINCIPADO DE",0.023003532586019858,2011,Estructura Porcentual
"BALEARS, ILLES",0.023440024135415082,2011,Estructura Porcentual
CANARIAS,0.04437664085518109,2011,Estructura Porcentual
CANTABRIA,0.01265825493246149,2011,Estructura Porcentual
CASTILLA Y LEÓN,0.05437743253103048,2011,Estructura Porcentual
CASTILLA - LA MANCHA,0.04500356254132227,2011,Estructura Porcentual
CATALUÑA,0.16056042091479214,2011,Estructura Porcentual
COMUNITAT VALENCIANA,0.10702815584460044,2011,Estructura Porcentual
EXTREMADURA,0.02361119729204066,2011,Estructura Porcentual
GALICIA,0.0593050797773893,2011,Estructura Porcentual
"MADRID, COMUNIDAD DE",0.13713323476612396,2011,Estructura Porcentual
"MURCIA, REGIÓN DE",0.03126263739320399,2011,Estructura Porcentual
"NAVARRA, COMUNIDAD FORAL DE",0.013663897227636761,2011,Estructura Porcentual
PAÍS VASCO,0.04673027175878278,2011,Estructura Porcentual
"RIOJA, LA",0.006870462574059136,2011,Estructura Porcentual
CEUTA,0.0017737818355325519,2011,Estructura Porcentual
MELILLA,0.0017160108951714192,2011,Estructura Porcentual
ANDALUCÍA,0.006009948331305859,2011,Tasa de Variación Interanual
ARAGÓN,0.0005209108498289705,2011,Tasa de Variación Interanual
"ASTURIAS, PRINCIPADO DE",-0.0010221148485413112,2011,Tasa de Variación Interanual
"BALEARS, ILLES",0.007263699889665354,2011,Tasa de Variación Interanual
CANARIAS,0.010179728215868655,2011,Tasa de Variación Interanual
CANTABRIA,0.0033921302578019397,2011,Tasa de Variación Interanual
CASTILLA Y LEÓN,-0.0015714622456195482,2011,Tasa de Variación Interanual
CASTILLA - LA MANCHA,0.006074811059026297,2011,Tasa de Variación Interanual
CATALUÑA,0.003570807644470486,2011,Tasa de Variación Interanual
COMUNITAT VALENCIANA,0.0026458738399248727,2011,Tasa de Variación Interanual
EXTREMADURA,0.0028171573973099218,2011,Tasa de Variación Interanual
GALICIA,-3.607763907942374e-05,2011,Tasa de Variación Interanual
"MADRID, COMUNIDAD DE",0.00386880521270605,2011,Tasa de Variación Interanual
"MURCIA, REGIÓN DE",0.0031582560933745008,2011,Tasa de Variación Interanual
"NAVARRA, COMUNIDAD FORAL DE",0.005669291338582738,2011,Tasa de Variación Interanual
PAÍS VASCO,0.0013296043280914827,2011,Tasa de Variación Interanual
"RIOJA, LA",0.0037511722413254844,2011,Tasa de Variación Interanual
CEUTA,0.02853598014888359,2011,Tasa de Variación Interanual
MELILLA,0.036175710594315236,2011,Tasa de Variación Interanual
ANDALUCÍA,8378.3,2012,Número de Habitantes
ARAGÓN,1340.0,2012,Número de Habitantes
"ASTURIAS, PRINCIPADO DE",1070.4,2012,Número de Habitantes
"BALEARS, ILLES",1101.4,2012,Número de Habitantes
CANARIAS,2087.6,2012,Número de Habitantes
CANTABRIA,590.8,2012,Número de Habitantes
CASTILLA Y LEÓN,2525.5,2012,Número de Habitantes
CASTILLA - LA MANCHA,2098.3,2012,Número de Habitantes
CATALUÑA,7499.4,2012,Número de Habitantes
COMUNITAT VALENCIANA,4999.1,2012,Número de Habitantes
EXTREMADURA,1101.9,2012,Número de Habitantes
GALICIA,2764.6,2012,Número de Habitantes
"MADRID, COMUNIDAD DE",6424.0,2012,Número de Habitantes
"MURCIA, REGIÓN DE",1461.2,2012,Número de Habitantes
"NAVARRA, COMUNIDAD FORAL DE",639.3,2012,Número de Habitantes
PAÍS VASCO,2180.7,2012,Número de Habitantes
"RIOJA, LA",320.1,2012,Número de Habitantes
CEUTA,84.2,2012,Número de Habitantes
MELILLA,82.7,2012,Número de Habitantes
ANDALUCÍA,0.17921765673496712,2012,Estructura Porcentual
ARAGÓN,0.02866353079083537,2012,Estructura Porcentual
"ASTURIAS, PRINCIPADO DE",0.022896599521276255,2012,Estructura Porcentual
"BALEARS, ILLES",0.023559711054497074,2012,Estructura Porcentual
CANARIAS,0.044655214088767096,2012,Estructura Porcentual
CANTABRIA,0.012637622381511593,2012,Estructura Porcentual
CASTILLA Y LEÓN,0.05402219926287666,2012,Estructura Porcentual
CASTILLA - LA MANCHA,0.04488409452120139,2012,Estructura Porcentual
CATALUÑA,0.16041737523342595,2012,Estructura Porcentual
COMUNITAT VALENCIANA,0.10693422147497396,2012,Estructura Porcentual
EXTREMADURA,0.023570406401807086,2012,Estructura Porcentual
GALICIA,0.05913671434652497,2012,Estructura Porcentual
"MADRID, COMUNIDAD DE",0.13741382223904955,2012,Estructura Porcentual
"MURCIA, REGIÓN DE",0.031256082978782566,2012,Estructura Porcentual
"NAVARRA, COMUNIDAD FORAL DE",0.013675071070582873,2012,Estructura Porcentual
PAÍS VASCO,0.046646687757891554,2012,Estructura Porcentual
"RIOJA, LA",0.0068471613478704495,2012,Estructura Porcentual
CEUTA,0.0018010964870062225,2012,Estructura Porcentual
MELILLA,0.0017690104450761828,2012,Estructura Porcentual
ANDALUCÍA,0.0030528684991859567,2012,Tasa de Variación Interanual
ARAGÓN,-0.0033469691335068497,2012,Tasa de Variación Interanual
"ASTURIAS, PRINCIPADO DE",-0.004371686354757487,2012,Tasa de Variación Interanual
"BALEARS, ILLES",0.005385668644454666,2012,Tasa de Variación Interanual
CANARIAS,0.006557377049180246,2012,Tasa de Variación Interanual
CANTABRIA,-0.0013522650439486972,2012,Tasa de Variación Interanual
CASTILLA Y LEÓN,-0.006256394113480779,2012,Tasa de Variación Interanual
CASTILLA - LA MANCHA,-0.0023772167546236567,2012,Tasa de Variación Interanual
CATALUÑA,-0.0006130063965885668,2012,Tasa de Variación Interanual
COMUNITAT VALENCIANA,-0.00059974810579555,2012,Tasa de Variación Interanual
EXTREMADURA,-0.0014499320344357747,2012,Tasa de Variación Interanual
GALICIA,-0.0025616047912833118,2012,Tasa de Variación Interanual
"MADRID, COMUNIDAD DE",0.002324819397419242,2012,Tasa de Variación Interanual
"MURCIA, REGIÓN DE",6.844158510710407e-05,2012,Tasa de Variación Interanual
"NAVARRA, COMUNIDAD FORAL DE",0.0010961478233635358,2012,Tasa de Variación Interanual
PAÍS VASCO,-0.0015109890109891166,2012,Tasa de Variación Interanual
"RIOJA, LA",-0.0031142946122703075,2012,Tasa de Variación Interanual
CEUTA,0.01568154402895061,2012,Tasa de Variación Interanual
MELILLA,0.0311720698254363,2012,Tasa de Variación Interanual
ANDALUCÍA,8381.3,2013,Número de Habitantes
ARAGÓN,1334.0,2013,Número de Habitantes
"ASTURIAS, PRINCIPADO DE",1062.6,2013,Número de Habitantes
"BALEARS, ILLES",1105.8,2013,Número de Habitantes
CANARIAS,2096.2,2013,Número de Habitantes
CANTABRIA,588.4,2013,Número de Habitantes
CASTILLA Y LEÓN,2504.7,2013,Número de Habitantes
CASTILLA - LA MANCHA,2083.1,2013,Número de Habitantes
CATALUÑA,7456.3,2013,Número de Habitantes
COMUNITAT VALENCIANA,4970.0,2013,Número de Habitantes
EXTREMADURA,1098.5,2013,Número de Habitantes
GALICIA,2752.1,2013,Número de Habitantes
"MADRID, COMUNIDAD DE",6388.7,2013,Número de Habitantes
"MURCIA, REGIÓN DE",1461.9,2013,Número de Habitantes
"NAVARRA, COMUNIDAD FORAL DE",637.4,2013,Número de Habitantes
PAÍS VASCO,2174.8,2013,Número de Habitantes
"RIOJA, LA",317.2,2013,Número de Habitantes
CEUTA,84.4,2013,Número de Habitantes
MELILLA,83.8,2013,Número de Habitantes
ANDALUCÍA,0.17992919875228364,2013,Estructura Porcentual
ARAGÓN,0.02863822451595175,2013,Estructura Porcentual
"ASTURIAS, PRINCIPADO DE",0.02281182711443053,2013,Estructura Porcentual
"BALEARS, ILLES",0.0237392418813639,2013,Estructura Porcentual
CANARIAS,0.04500108413068819,2013,Estructura Porcentual
CANTABRIA,0.012631732612583215,2013,Estructura Porcentual
CASTILLA Y LEÓN,0.05377073534115768,2013,Estructura Porcentual
CASTILLA - LA MANCHA,0.044719854189789424,2013,Estructura Porcentual
CATALUÑA,0.16007135941401127,2013,Estructura Porcentual
COMUNITAT VALENCIANA,0.10669563406617706,2013,Estructura Porcentual
EXTREMADURA,0.023582525960099698,2013,Estructura Porcentual
GALICIA,0.059081902316604804,2013,Estructura Porcentual
"MADRID, COMUNIDAD DE",0.13715219262748196,2013,Estructura Porcentual
"MURCIA, REGIÓN DE",0.03138397332823828,2013,Estructura Porcentual
"NAVARRA, COMUNIDAD FORAL DE",0.013683661399151158,2013,Estructura Porcentual
PAÍS VASCO,0.04668846377608086,2013,Estructura Porcentual
"RIOJA, LA",0.006809628797945948,2013,Estructura Porcentual
CEUTA,0.0018118936650272323,2013,Estructura Porcentual
MELILLA,0.0017990129043753797,2013,Estructura Porcentual
ANDALUCÍA,0.00035806786579617444,2013,Tasa de Variación Interanual
ARAGÓN,-0.004477611940298498,2013,Tasa de Variación Interanual
"ASTURIAS, PRINCIPADO DE",-0.007286995515695227,2013,Tasa de Variación Interanual
"BALEARS, ILLES",0.003994915562011814,2013,Tasa de Variación Interanual
CANARIAS,0.004119563134700188,2013,Tasa de Variación Interanual
CANTABRIA,-0.004062288422477911,2013,Tasa de Variación Interanual
CASTILLA Y LEÓN,-0.008235992872698494,2013,Tasa de Variación Interanual
CASTILLA - LA MANCHA,-0.007243959395701438,2013,Tasa de Variación Interanual
CATALUÑA,-0.005747126436781547,2013,Tasa de Variación Interanual
COMUNITAT VALENCIANA,-0.005821047788602041,2013,Tasa de Variación Interanual
EXTREMADURA,-0.00308557945367105,2013,Tasa de Variación Interanual
GALICIA,-0.004521449757650342,2013,Tasa de Variación Interanual
"MADRID, COMUNIDAD DE",-0.00549501867995017,2013,Tasa de Variación Interanual
"MURCIA, REGIÓN DE",0.00047905830823991025,2013,Tasa de Variación Interanual
"NAVARRA, COMUNIDAD FORAL DE",-0.002972000625684257,2013,Tasa de Variación Interanual
PAÍS VASCO,-0.0027055532627136003,2013,Tasa de Variación Interanual
"RIOJA, LA",-0.009059668853483416,2013,Tasa de Variación Interanual
CEUTA,0.002375296912114022,2013,Tasa de Variación Interanual
MELILLA,0.013301088270858408,2013,Tasa de Variación Interanual
ANDALUCÍA,8381.4,2014,Número de Habitantes
ARAGÓN,1327.6,2014,Número de Habitantes
"ASTURIAS, PRINCIPADO DE",1053.5,2014,Número de Habitantes
"BALEARS, ILLES",1108.6,2014,Número de Habitantes
CANARIAS,2097.3,2014,Número de Habitantes
CANTABRIA,586.0,2014,Número de Habitantes
CASTILLA Y LEÓN,2483.0,2014,Número de Habitantes
CASTILLA - LA MANCHA,2067.3,2014,Número de Habitantes
CATALUÑA,7419.6,2014,Número de Habitantes
COMUNITAT VALENCIANA,4951.7,2014,Número de Habitantes
EXTREMADURA,1094.2,2014,Número de Habitantes
GALICIA,2737.6,2014,Número de Habitantes
"MADRID, COMUNIDAD DE",6369.1,2014,Número de Habitantes
"MURCIA, REGIÓN DE",1464.0,2014,Número de Habitantes
"NAVARRA, COMUNIDAD FORAL DE",636.8,2014,Número de Habitantes
PAÍS VASCO,2171.7,2014,Número de Habitantes
"RIOJA, LA",314.7,2014,Número de Habitantes
CEUTA,84.5,2014,Número de Habitantes
MELILLA,84.4,2014,Número de Habitantes
ANDALUCÍA,0.18050485537256827,2014,Estructura Porcentual
ARAGÓN,0.028591672750688624,2014,Estructura Porcentual
"ASTURIAS, PRINCIPADO DE",0.022688556223900622,2014,Estructura Porcentual
"BALEARS, ILLES",0.02387520971031441,2014,Estructura Porcentual
CANARIAS,0.04516820974692623,2014,Estructura Porcentual
CANTABRIA,0.012620307496161144,2014,Estructura Porcentual
CASTILLA Y LEÓN,0.05347478415182273,2014,Estructura Porcentual
CASTILLA - LA MANCHA,0.04452211891947771,2014,Estructura Porcentual
CATALUÑA,0.15979118344456866,2014,Estructura Porcentual
COMUNITAT VALENCIANA,0.10664159834256166,2014,Estructura Porcentual
EXTREMADURA,0.02356508611313912,2014,Estructura Porcentual
GALICIA,0.058957941640769194,2014,Estructura Porcentual
"MADRID, COMUNIDAD DE",0.13716723630341288,2014,Estructura Porcentual
"MURCIA, REGIÓN DE",0.03152923237948791,2014,Estructura Porcentual
"NAVARRA, COMUNIDAD FORAL DE",0.013714354630640642,2014,Estructura Porcentual
PAÍS VASCO,0.04677051499899856,2014,Estructura Porcentual
"RIOJA, LA",0.006777492779935003,2014,Estructura Porcentual
CEUTA,0.001819822497313339,2014,Estructura Porcentual
MELILLA,0.001817668861221844,2014,Estructura Porcentual
ANDALUCÍA,1.1931323303127073e-05,2014,Tasa de Variación Interanual
ARAGÓN,-0.004797601199400314,2014,Tasa de Variación Interanual
"ASTURIAS, PRINCIPADO DE",-0.008563899868247571,2014,Tasa de Variación Interanual
"BALEARS, ILLES",0.002532103454512491,2014,Tasa de Variación Interanual
CANARIAS,0.0005247590878734165,2014,Tasa de Variación Interanual
CANTABRIA,-0.004078857919782464,2014,Tasa de Variación Interanual
CASTILLA Y LEÓN,-0.008663712221024356,2014,Tasa de Variación Interanual
CASTILLA - LA MANCHA,-0.007584849503144198,2014,Tasa de Variación Interanual
CATALUÑA,-0.0049220122580904135,2014,Tasa de Variación Interanual
COMUNITAT VALENCIANA,-0.0036820925553320283,2014,Tasa de Variación Interanual
EXTREMADURA,-0.003914428766499722,2014,Tasa de Variación Interanual
GALICIA,-0.005268703898840932,2014,Tasa de Variación Interanual
"MADRID, COMUNIDAD DE",-0.0030679167905832694,2014,Tasa de Variación Interanual
"MURCIA, REGIÓN DE",0.0014364867638003709,2014,Tasa de Variación Interanual
"NAVARRA, COMUNIDAD FORAL DE",-0.0009413241292751673,2014,Tasa de Variación Interanual
PAÍS VASCO,-0.0014254184292810113,2014,Tasa de Variación Interanual
"RIOJA, LA",-0.007881462799495642,2014,Tasa de Variación Interanual
CEUTA,0.0011848341232227888,2014,Tasa de Variación Interanual
MELILLA,0.007159904534606243,2014,Tasa de Variación Interanual
ANDALUCÍA,8386.1,2015,Número de Habitantes
ARAGÓN,1320.9,2015,Número de Habitantes
"ASTURIAS, PRINCIPADO DE",1043.5,2015,Número de Habitantes
"BALEARS, ILLES",1113.5,2015,Número de Habitantes
CANARIAS,2099.3,2015,Número de Habitantes
CANTABRIA,583.4,2015,Número de Habitantes
CASTILLA Y LEÓN,2462.2,2015,Número de Habitantes
CASTILLA - LA MANCHA,2054.1,2015,Número de Habitantes
CATALUÑA,7424.0,2015,Número de Habitantes
COMUNITAT VALENCIANA,4937.2,2015,Número de Habitantes
EXTREMADURA,1088.4,2015,Número de Habitantes
GALICIA,2723.4,2015,Número de Habitantes
"MADRID, COMUNIDAD DE",6389.8,2015,Número de Habitantes
"MURCIA, REGIÓN DE",1465.7,2015,Número de Habitantes
"NAVARRA, COMUNIDAD FORAL DE",637.5,2015,Número de Habitantes
PAÍS VASCO,2171.9,2015,Número de Habitantes
"RIOJA, LA",313.9,2015,Número de Habitantes
CEUTA,84.4,2015,Número de Habitantes
MELILLA,85.3,2015,Número de Habitantes
ANDALUCÍA,0.18079569855382413,2015,Estructura Porcentual
ARAGÓN,0.028477246660515175,2015,Estructura Porcentual
"ASTURIAS, PRINCIPADO DE",0.022496787713110443,2015,Estructura Porcentual
"BALEARS, ILLES",0.024005915782030166,2015,Estructura Porcentual
CANARIAS,0.045258750786902495,2015,Estructura Porcentual
CANTABRIA,0.012577504505825234,2015,Estructura Porcentual
CASTILLA Y LEÓN,0.05308250187563059,2015,Estructura Porcentual
CASTILLA - LA MANCHA,0.04428428523382861,2015,Estructura Porcentual
CATALUÑA,0.1600538111951432,2015,Estructura Porcentual
COMUNITAT VALENCIANA,0.10644095859814937,2015,Estructura Porcentual
EXTREMADURA,0.02346478557446038,2015,Estructura Porcentual
GALICIA,0.05871370546994248,2015,Estructura Porcentual
"MADRID, COMUNIDAD DE",0.13775752192547494,2015,Estructura Porcentual
"MURCIA, REGIÓN DE",0.031598985865937686,2015,Estructura Porcentual
"NAVARRA, COMUNIDAD FORAL DE",0.013743844913376048,2015,Estructura Porcentual
PAÍS VASCO,0.046823932184096376,2015,Estructura Porcentual
"RIOJA, LA",0.0067673614404843005,2015,Estructura Porcentual
CEUTA,0.0018195772716689232,2015,Estructura Porcentual
MELILLA,0.001838980346840748,2015,Estructura Porcentual
ANDALUCÍA,0.0005607655045696269,2015,Tasa de Variación Interanual
ARAGÓN,-0.005046700813497895,2015,Tasa de Variación Interanual
"ASTURIAS, PRINCIPADO DE",-0.00949216896060745,2015,Tasa de Variación Interanual
"BALEARS, ILLES",0.004419989175536765,2015,Tasa de Variación Interanual
CANARIAS,0.0009536070185476309,2015,Tasa de Variación Interanual
CANTABRIA,-0.004436860068259385,2015,Tasa de Variación Interanual
CASTILLA Y LEÓN,-0.008376963350785416,2015,Tasa de Variación Interanual
CASTILLA - LA MANCHA,-0.006385140037730497,2015,Tasa de Variación Interanual
CATALUÑA,0.0005930238826890033,2015,Tasa de Variación Interanual
COMUNITAT VALENCIANA,-0.002928287254882145,2015,Tasa de Variación Interanual
EXTREMADURA,-0.005300676293182205,2015,Tasa de Variación Interanual
GALICIA,-0.005187025131501932,2015,Tasa de Variación Interanual
"MADRID, COMUNIDAD DE",0.0032500667284232065,2015,Tasa de Variación Interanual
"MURCIA, REGIÓN DE",0.0011612021857922983,2015,Tasa de Variación Interanual
"NAVARRA, COMUNIDAD FORAL DE",0.0010992462311558704,2015,Tasa de Variación Interanual
PAÍS VASCO,9.209375143903742e-05,2015,Tasa de Variación Interanual
"RIOJA, LA",-0.0025421035907213785,2015,Tasa de Variación Interanual
CEUTA,-0.0011834319526626835,2015,Tasa de Variación Interanual
MELILLA,0.010663507109004655,2015,Tasa de Variación Interanual
ANDALUCÍA,8390.7,2016,Número de Habitantes
ARAGÓN,1316.2,2016,Número de Habitantes
"ASTURIAS, PRINCIPADO DE",1036.5,2016,Número de Habitantes
"BALEARS, ILLES",1123.0,2016,Número de Habitantes
CANARIAS,2106.9,2016,Número de Habitantes
CANTABRIA,581.4,2016,Número de Habitantes
CASTILLA Y LEÓN,2442.3,2016,Número de Habitantes
CASTILLA - LA MANCHA,2043.8,2016,Número de Habitantes
CATALUÑA,7452.8,2016,Número de Habitantes
COMUNITAT VALENCIANA,4936.3,2016,Número de Habitantes
EXTREMADURA,1082.5,2016,Número de Habitantes
GALICIA,2712.1,2016,Número de Habitantes
"MADRID, COMUNIDAD DE",6430.9,2016,Número de Habitantes
"MURCIA, REGIÓN DE",1470.9,2016,Número de Habitantes
"NAVARRA, COMUNIDAD FORAL DE",639.8,2016,Número de Habitantes
PAÍS VASCO,2176.8,2016,Número de Habitantes
"RIOJA, LA",314.0,2016,Número de Habitantes
CEUTA,84.7,2016,Número de Habitantes
MELILLA,85.6,2016,Número de Habitantes
ANDALUCÍA,0.18072849693390286,2016,Estructura Porcentual
ARAGÓN,0.028349821548190605,2016,Estructura Porcentual
"ASTURIAS, PRINCIPADO DE",0.022325322925618875,2016,Estructura Porcentual
"BALEARS, ILLES",0.024188458895774236,2016,Estructura Porcentual
CANARIAS,0.04538082283838534,2016,Estructura Porcentual
CANTABRIA,0.012522858416743669,2016,Estructura Porcentual
CASTILLA Y LEÓN,0.052605051790872145,2016,Estructura Porcentual
CASTILLA - LA MANCHA,0.04402170284165929,2016,Estructura Porcentual
CATALUÑA,0.16052693362281945,2016,Estructura Porcentual
COMUNITAT VALENCIANA,0.10632367733500478,2016,Estructura Porcentual
EXTREMADURA,0.02331612355714658,2016,Estructura Porcentual
GALICIA,0.05841631288622378,2016,Estructura Porcentual
"MADRID, COMUNIDAD DE",0.13851608220198977,2016,Estructura Porcentual
"MURCIA, REGIÓN DE",0.03168192715030661,2016,Estructura Porcentual
"NAVARRA, COMUNIDAD FORAL DE",0.013780744435900584,2016,Estructura Porcentual
PAÍS VASCO,0.04688640901542419,2016,Estructura Porcentual
"RIOJA, LA",0.006763291267384782,2016,Estructura Porcentual
CEUTA,0.0018243655106607996,2016,Estructura Porcentual
MELILLA,0.0018437507404080807,2016,Estructura Porcentual
ANDALUCÍA,0.0005485267287534956,2016,Tasa de Variación Interanual
ARAGÓN,-0.0035581800287682874,2016,Tasa de Variación Interanual
"ASTURIAS, PRINCIPADO DE",-0.006708193579300414,2016,Tasa de Variación Interanual
"BALEARS, ILLES",0.008531656937584176,2016,Tasa de Variación Interanual
CANARIAS,0.0036202543705043944,2016,Tasa de Variación Interanual
CANTABRIA,-0.0034281796366129047,2016,Tasa de Variación Interanual
CASTILLA Y LEÓN,-0.00808220290796835,2016,Tasa de Variación Interanual
CASTILLA - LA MANCHA,-0.005014361520860655,2016,Tasa de Variación Interanual
CATALUÑA,0.00387931034482758,2016,Tasa de Variación Interanual
COMUNITAT VALENCIANA,-0.00018228955683374792,2016,Tasa de Variación Interanual
EXTREMADURA,-0.00542080117603827,2016,Tasa de Variación Interanual
GALICIA,-0.004149225233164522,2016,Tasa de Variación Interanual
"MADRID, COMUNIDAD DE",0.006432126201132871,2016,Tasa de Variación Interanual
"MURCIA, REGIÓN DE",0.003547792863478172,2016,Tasa de Variación Interanual
"NAVARRA, COMUNIDAD FORAL DE",0.003607843137254818,2016,Tasa de Variación Interanual
PAÍS VASCO,0.002256089138542361,2016,Tasa de Variación Interanual
"RIOJA, LA",0.0003185727938834759,2016,Tasa de Variación Interanual
CEUTA,0.0035545023696681444,2016,Tasa de Variación Interanual
MELILLA,0.003516998827667095,2016,Tasa de Variación Interanual
ANDALUCÍA,8388.4,2017,Número de Habitantes
ARAGÓN,1315.3,2017,Número de Habitantes
"ASTURIAS, PRINCIPADO DE",1029.3,2017,Número de Habitantes
"BALEARS, ILLES",1133.7,2017,Número de Habitantes
CANARIAS,2120.4,2017,Número de Habitantes
CANTABRIA,581.0,2017,Número de Habitantes
CASTILLA Y LEÓN,2421.6,2017,Número de Habitantes
CASTILLA - LA MANCHA,2034.1,2017,Número de Habitantes
CATALUÑA,7495.6,2017,Número de Habitantes
COMUNITAT VALENCIANA,4940.3,2017,Número de Habitantes
EXTREMADURA,1075.1,2017,Número de Habitantes
GALICIA,2702.7,2017,Número de Habitantes
"MADRID, COMUNIDAD DE",6486.3,2017,Número de Habitantes
"MURCIA, REGIÓN DE",1476.3,2017,Número de Habitantes
"NAVARRA, COMUNIDAD FORAL DE",643.1,2017,Número de Habitantes
PAÍS VASCO,2182.0,2017,Número de Habitantes
"RIOJA, LA",314.2,2017,Número de Habitantes
CEUTA,85.1,2017,Número de Habitantes
MELILLA,86.0,2017,Número de Habitantes
ANDALUCÍA,0.18035497360810998,2017,Estructura Porcentual
ARAGÓN,0.028279635781167694,2017,Estructura Porcentual
"ASTURIAS, PRINCIPADO DE",0.022130486664301608,2017,Estructura Porcentual
"BALEARS, ILLES",0.024375141097171607,2017,Estructura Porcentual
CANARIAS,0.0455897055503596,2017,Estructura Porcentual
CANTABRIA,0.01249180292622096,2017,Estructura Porcentual
CASTILLA Y LEÓN,0.05206566259231786,2017,Estructura Porcentual
CASTILLA - LA MANCHA,0.04373421055460595,2017,Estructura Porcentual
CATALUÑA,0.16115930811322177,2017,Estructura Porcentual
COMUNITAT VALENCIANA,0.10621902581137593,2017,Estructura Porcentual
EXTREMADURA,0.023115210543855687,2017,Estructura Porcentual
GALICIA,0.05810945915438449,2017,Estructura Porcentual
"MADRID, COMUNIDAD DE",0.13945883187667302,2017,Estructura Porcentual
"MURCIA, REGIÓN DE",0.03174121972457832,2017,Estructura Porcentual
"NAVARRA, COMUNIDAD FORAL DE",0.013826985304393632,2017,Estructura Porcentual
PAÍS VASCO,0.046914137667838446,2017,Estructura Porcentual
"RIOJA, LA",0.006755463819997635,2017,Estructura Porcentual
CEUTA,0.0018296943700884746,2017,Estructura Porcentual
MELILLA,0.001849044839337354,2017,Estructura Porcentual
ANDALUCÍA,-0.0002741130060663899,2017,Tasa de Variación Interanual
ARAGÓN,-0.0006837866585626129,2017,Tasa de Variación Interanual
"ASTURIAS, PRINCIPADO DE",-0.006946454413892966,2017,Tasa de Variación Interanual
"BALEARS, ILLES",0.009528049866429189,2017,Tasa de Variación Interanual
CANARIAS,0.006407518154634806,2017,Tasa de Variación Interanual
CANTABRIA,-0.0006879944960439532,2017,Tasa de Variación Interanual
CASTILLA Y LEÓN,-0.008475617246038736,2017,Tasa de Variación Interanual
CASTILLA - LA MANCHA,-0.004746061258440237,2017,Tasa de Variación Interanual
CATALUÑA,0.005742808072134009,2017,Tasa de Variación Interanual
COMUNITAT VALENCIANA,0.0008103235216661009,2017,Tasa de Variación Interanual
EXTREMADURA,-0.006836027713625903,2017,Tasa de Variación Interanual
GALICIA,-0.003465948895689741,2017,Tasa de Variación Interanual
"MADRID, COMUNIDAD DE",0.008614657357446154,2017,Tasa de Variación Interanual
"MURCIA, REGIÓN DE",0.0036712217009993164,2017,Tasa de Variación Interanual
"NAVARRA, COMUNIDAD FORAL DE",0.005157861831822652,2017,Tasa de Variación Interanual
PAÍS VASCO,0.002388827636898183,2017,Tasa de Variación Interanual
"RIOJA, LA",0.0006369426751591245,2017,Tasa de Variación Interanual
CEUTA,0.0047225501770955525,2017,Tasa de Variación Interanual
MELILLA,0.004672897196261738,2017,Tasa de Variación Interanual
ANDALUCÍA,8392.1,2018,Número de Habitantes
ARAGÓN,1315.9,2018,Número de Habitantes
"ASTURIAS, PRINCIPADO DE",1023.6,2018,Número de Habitantes
"BALEARS, ILLES",1148.0,2018,Número de Habitantes
CANARIAS,2139.2,2018,Número de Habitantes
CANTABRIA,581.2,2018,Número de Habitantes
CASTILLA Y LEÓN,2408.6,2018,Número de Habitantes
CASTILLA - LA MANCHA,2032.1,2018,Número de Habitantes
CATALUÑA,7571.0,2018,Número de Habitantes
COMUNITAT VALENCIANA,4962.0,2018,Número de Habitantes
EXTREMADURA,1069.4,2018,Número de Habitantes
GALICIA,2699.0,2018,Número de Habitantes
"MADRID, COMUNIDAD DE",6565.5,2018,Número de Habitantes
"MURCIA, REGIÓN DE",1482.5,2018,Número de Habitantes
"NAVARRA, COMUNIDAD FORAL DE",648.8,2018,Número de Habitantes
PAÍS VASCO,2190.2,2018,Número de Habitantes
"RIOJA, LA",314.9,2018,Número de Habitantes
CEUTA,85.2,2018,Número de Habitantes
MELILLA,86.2,2018,Número de Habitantes
ANDALUCÍA,0.17964311554647933,2018,Estructura Porcentual
ARAGÓN,0.02816844124207435,2018,Estructura Porcentual
"ASTURIAS, PRINCIPADO DE",0.021911403948162704,2018,Estructura Porcentual
"BALEARS, ILLES",0.0245743373705459,2018,Estructura Porcentual
CANARIAS,0.04579217988072455,2018,Estructura Porcentual
CANTABRIA,0.012441293449269407,2018,Estructura Porcentual
CASTILLA Y LEÓN,0.05155901480025858,2018,Estructura Porcentual
CASTILLA - LA MANCHA,0.043499574016277284,2018,Estructura Porcentual
CATALUÑA,0.1620664705857169,2018,Estructura Porcentual
COMUNITAT VALENCIANA,0.10621764985422366,2018,Estructura Porcentual
EXTREMADURA,0.022891808696917933,2018,Estructura Porcentual
GALICIA,0.05777538028144894,2018,Estructura Porcentual
"MADRID, COMUNIDAD DE",0.14054251916926752,2018,Estructura Porcentual
"MURCIA, REGIÓN DE",0.03173471703121455,2018,Estructura Porcentual
"NAVARRA, COMUNIDAD FORAL DE",0.013888353733458344,2018,Estructura Porcentual
PAÍS VASCO,0.04688389695903278,2018,Estructura Porcentual
"RIOJA, LA",0.006740817803122738,2018,Estructura Porcentual
CEUTA,0.0018238097072913856,2018,Estructura Porcentual
MELILLA,0.0018452159245131157,2018,Estructura Porcentual
ANDALUCÍA,0.00044108530828301795,2018,Tasa de Variación Interanual
ARAGÓN,0.0004561696951266292,2018,Tasa de Variación Interanual
"ASTURIAS, PRINCIPADO DE",-0.005537744097930619,2018,Tasa de Variación Interanual
"BALEARS, ILLES",0.012613566199170867,2018,Tasa de Variación Interanual
CANARIAS,0.008866251650631929,2018,Tasa de Variación Interanual
CANTABRIA,0.000344234079173944,2018,Tasa de Variación Interanual
CASTILLA Y LEÓN,-0.005368351503138413,2018,Tasa de Variación Interanual
CASTILLA - LA MANCHA,-0.0009832358291136378,2018,Tasa de Variación Interanual
CATALUÑA,0.01005923475105397,2018,Tasa de Variación Interanual
COMUNITAT VALENCIANA,0.004392445802886336,2018,Tasa de Variación Interanual
EXTREMADURA,-0.0053018323876846685,2018,Tasa de Variación Interanual
GALICIA,-0.0013690013690013103,2018,Tasa de Variación Interanual
"MADRID, COMUNIDAD DE",0.012210351047592605,2018,Tasa de Variación Interanual
"MURCIA, REGIÓN DE",0.004199688410214675,2018,Tasa de Variación Interanual
"NAVARRA, COMUNIDAD FORAL DE",0.008863318301974621,2018,Tasa de Variación Interanual
PAÍS VASCO,0.0037580201649862754,2018,Tasa de Variación Interanual
"RIOJA, LA",0.00222788033099941,2018,Tasa de Variación Interanual
CEUTA,0.001175088131609936,2018,Tasa de Variación Interanual
MELILLA,0.0023255813953488857,2018,Tasa de Variación Interanual
ANDALUCÍA,8432.1,2019,Número de Habitantes
ARAGÓN,1324.4,2019,Número de Habitantes
"ASTURIAS, PRINCIPADO DE",1019.2,2019,Número de Habitantes
"BALEARS, ILLES",1166.1,2019,Número de Habitantes
CANARIAS,2163.0,2019,Número de Habitantes
CANTABRIA,582.3,2019,Número de Habitantes
CASTILLA Y LEÓN,2400.5,2019,Número de Habitantes
CASTILLA - LA MANCHA,2040.7,2019,Número de Habitantes
CATALUÑA,7673.0,2019,Número de Habitantes
COMUNITAT VALENCIANA,5015.1,2019,Número de Habitantes
EXTREMADURA,1065.6,2019,Número de Habitantes
GALICIA,2698.7,2019,Número de Habitantes
"MADRID, COMUNIDAD DE",6661.4,2019,Número de Habitantes
"MURCIA, REGIÓN DE",1499.0,2019,Número de Habitantes
"NAVARRA, COMUNIDAD FORAL DE",655.7,2019,Número de Habitantes
PAÍS VASCO,2203.0,2019,Número de Habitantes
"RIOJA, LA",317.0,2019,Número de Habitantes
CEUTA,84.8,2019,Número de Habitantes
MELILLA,86.3,2019,Número de Habitantes
ANDALUCÍA,0.17907186150128057,2019,Estructura Porcentual
ARAGÓN,0.028126181303862147,2019,Estructura Porcentual
"ASTURIAS, PRINCIPADO DE",0.02164467229303556,2019,Estructura Porcentual
"BALEARS, ILLES",0.024764376335271555,2019,Estructura Porcentual
CANARIAS,0.04593546523728014,2019,Estructura Porcentual
CANTABRIA,0.012366260475112448,2019,Estructura Porcentual
CASTILLA Y LEÓN,0.050979234536334246,2019,Estructura Porcentual
CASTILLA - LA MANCHA,0.04333818950980933,2019,Estructura Porcentual
CATALUÑA,0.16295091297533543,2019,Estructura Porcentual
COMUNITAT VALENCIANA,0.10650529436499476,2019,Estructura Porcentual
EXTREMADURA,0.0226300655371455,2019,Estructura Porcentual
GALICIA,0.05731208508360976,2019,Estructura Porcentual
"MADRID, COMUNIDAD DE",0.14146764129986958,2019,Estructura Porcentual
"MURCIA, REGIÓN DE",0.031834148123293084,2019,Estructura Porcentual
"NAVARRA, COMUNIDAD FORAL DE",0.013925050650062224,2019,Estructura Porcentual
PAÍS VASCO,0.04678494217185768,2019,Estructura Porcentual
"RIOJA, LA",0.006732104706526956,2019,Estructura Porcentual
CEUTA,0.0018008911013043716,2019,Estructura Porcentual
MELILLA,0.0018327464863510292,2019,Estructura Porcentual
ANDALUCÍA,0.004766387435802821,2019,Tasa de Variación Interanual
ARAGÓN,0.006459457405577851,2019,Tasa de Variación Interanual
"ASTURIAS, PRINCIPADO DE",-0.00429855412270419,2019,Tasa de Variación Interanual
"BALEARS, ILLES",0.015766550522648082,2019,Tasa de Variación Interanual
CANARIAS,0.011125654450261813,2019,Tasa de Variación Interanual
CANTABRIA,0.0018926359256707936,2019,Tasa de Variación Interanual
CASTILLA Y LEÓN,-0.0033629494312048536,2019,Tasa de Variación Interanual
CASTILLA - LA MANCHA,0.004232075193149942,2019,Tasa de Variación Interanual
CATALUÑA,0.01347246070532293,2019,Tasa de Variación Interanual
COMUNITAT VALENCIANA,0.010701330108827234,2019,Tasa de Variación Interanual
EXTREMADURA,-0.0035533944267815976,2019,Tasa de Variación Interanual
GALICIA,-0.00011115227862179555,2019,Tasa de Variación Interanual
"MADRID, COMUNIDAD DE",0.014606656004873875,2019,Tasa de Variación Interanual
"MURCIA, REGIÓN DE",0.011129848229342265,2019,Tasa de Variación Interanual
"NAVARRA, COMUNIDAD FORAL DE",0.01063501849568449,2019,Tasa de Variación Interanual
PAÍS VASCO,0.005844215140169862,2019,Tasa de Variación Interanual
"RIOJA, LA",0.006668783740870099,2019,Tasa de Variación Interanual
CEUTA,-0.0046948356807512415,2019,Tasa de Variación Interanual
MELILLA,0.001160092807424462,2019,Tasa de Variación Interanual
ANDALUCÍA,8465.9,2020,Número de Habitantes
ARAGÓN,1331.5,2020,Número de Habitantes
"ASTURIAS, PRINCIPADO DE",1014.6,2020,Número de Habitantes
"BALEARS, ILLES",1179.5,2020,Número de Habitantes
CANARIAS,2180.4,2020,Número de Habitantes
CANTABRIA,583.1,2020,Número de Habitantes
CASTILLA Y LEÓN,2389.2,2020,Número de Habitantes
CASTILLA - LA MANCHA,2045.9,2020,Número de Habitantes
CATALUÑA,7729.9,2020,Número de Habitantes
COMUNITAT VALENCIANA,5055.7,2020,Número de Habitantes
EXTREMADURA,1062.5,2020,Número de Habitantes
GALICIA,2698.8,2020,Número de Habitantes
"MADRID, COMUNIDAD DE",6728.8,2020,Número de Habitantes
"MURCIA, REGIÓN DE",1513.8,2020,Número de Habitantes
"NAVARRA, COMUNIDAD FORAL DE",661.0,2020,Número de Habitantes
PAÍS VASCO,2213.9,2020,Número de Habitantes
"RIOJA, LA",319.1,2020,Número de Habitantes
CEUTA,84.5,2020,Número de Habitantes
MELILLA,86.6,2020,Número de Habitantes
ANDALUCÍA,0.17881334631607626,2020,Estructura Porcentual
ARAGÓN,0.028123409279563374,2020,Estructura Porcentual
"ASTURIAS, PRINCIPADO DE",0.021429974506229816,2020,Estructura Porcentual
"BALEARS, ILLES",0.02491292620746902,2020,Estructura Porcentual
CANARIAS,0.04605353480522718,2020,Estructura Porcentual
CANTABRIA,0.012316004469330382,2020,Estructura Porcentual
CASTILLA Y LEÓN,0.050463724709525204,2020,Estructura Porcentual
CASTILLA - LA MANCHA,0.04321267971840684,2020,Estructura Porcentual
CATALUÑA,0.16326784933540886,2020,Estructura Porcentual
COMUNITAT VALENCIANA,0.10678446886570675,2020,Estructura Porcentual
EXTREMADURA,0.022441699105922707,2020,Estructura Porcentual
GALICIA,0.05700297180900161,2020,Estructura Porcentual
"MADRID, COMUNIDAD DE",0.14212301641781902,2020,Estructura Porcentual
"MURCIA, REGIÓN DE",0.03197387680616075,2020,Estructura Porcentual
"NAVARRA, COMUNIDAD FORAL DE",0.013961377043778738,2020,Estructura Porcentual
PAÍS VASCO,0.046761108377037446,2020,Estructura Porcentual
"RIOJA, LA",0.006739902291482293,2020,Estructura Porcentual
CEUTA,0.0017847751288945588,2020,Estructura Porcentual
MELILLA,0.0018291304871274412,2020,Estructura Porcentual
ANDALUCÍA,0.004008491360396382,2020,Tasa de Variación Interanual
ARAGÓN,0.005360918151615657,2020,Tasa de Variación Interanual
"ASTURIAS, PRINCIPADO DE",-0.0045133437990581005,2020,Tasa de Variación Interanual
"BALEARS, ILLES",0.011491295772232402,2020,Tasa de Variación Interanual
CANARIAS,0.008044382801664307,2020,Tasa de Variación Interanual
CANTABRIA,0.0013738622703074466,2020,Tasa de Variación Interanual
CASTILLA Y LEÓN,-0.0047073526348677674,2020,Tasa de Variación Interanual
CASTILLA - LA MANCHA,0.002548145244279043,2020,Tasa de Variación Interanual
CATALUÑA,0.007415613189104553,2020,Tasa de Variación Interanual
COMUNITAT VALENCIANA,0.008095551434667225,2020,Tasa de Variación Interanual
EXTREMADURA,-0.002909159159159125,2020,Tasa de Variación Interanual
GALICIA,3.705487827487808e-05,2020,Tasa de Variación Interanual
"MADRID, COMUNIDAD DE",0.010117993214639576,2020,Tasa de Variación Interanual
"MURCIA, REGIÓN DE",0.009873248832555026,2020,Tasa de Variación Interanual
"NAVARRA, COMUNIDAD FORAL DE",0.008082964770474321,2020,Tasa de Variación Interanual
PAÍS VASCO,0.004947798456650165,2020,Tasa de Variación Interanual
"RIOJA, LA",0.0066246056782335305,2020,Tasa de Variación Interanual
CEUTA,-0.003537735849056589,2020,Tasa de Variación Interanual
MELILLA,0.0034762456546928444,2020,Tasa de Variación Interanual
ANDALUCÍA,8488.2,2021,Número de Habitantes
ARAGÓN,1330.7,2021,Número de Habitantes
"ASTURIAS, PRINCIPADO DE",1007.3,2021,Número de Habitantes
"BALEARS, ILLES",1182.3,2021,Número de Habitantes
CANARIAS,2176.9,2021,Número de Habitantes
CANTABRIA,584.6,2021,Número de Habitantes
CASTILLA Y LEÓN,2376.7,2021,Número de Habitantes
CASTILLA - LA MANCHA,2050.9,2021,Número de Habitantes
CATALUÑA,7734.5,2021,Número de Habitantes
COMUNITAT VALENCIANA,5072.7,2021,Número de Habitantes
EXTREMADURA,1058.4,2021,Número de Habitantes
GALICIA,2691.0,2021,Número de Habitantes
"MADRID, COMUNIDAD DE",6717.7,2021,Número de Habitantes
"MURCIA, REGIÓN DE",1521.4,2021,Número de Habitantes
"NAVARRA, COMUNIDAD FORAL DE",661.3,2021,Número de Habitantes
PAÍS VASCO,2204.2,2021,Número de Habitantes
"RIOJA, LA",319.2,2021,Número de Habitantes
CEUTA,83.1,2021,Número de Habitantes
MELILLA,85.8,2021,Número de Habitantes
ANDALUCÍA,0.17927716339858238,2021,Estructura Porcentual
ARAGÓN,0.028105384101987884,2021,Estructura Porcentual
"ASTURIAS, PRINCIPADO DE",0.02127493304721755,2021,Estructura Porcentual
"BALEARS, ILLES",0.02497106457036167,2021,Estructura Porcentual
CANARIAS,0.04597776407275676,2021,Estructura Porcentual
CANTABRIA,0.012347191362457441,2021,Estructura Porcentual
CASTILLA Y LEÓN,0.0501976902346093,2021,Estructura Porcentual
CASTILLA - LA MANCHA,0.043316549376093,2021,Estructura Porcentual
CATALUÑA,0.16335845294718968,2021,Estructura Porcentual
COMUNITAT VALENCIANA,0.10713923644258956,2021,Estructura Porcentual
EXTREMADURA,0.022354203451975637,2021,Estructura Porcentual
GALICIA,0.05683594245017615,2021,Estructura Porcentual
"MADRID, COMUNIDAD DE",0.14188287276014427,2021,Estructura Porcentual
"MURCIA, REGIÓN DE",0.032133111424636936,2021,Estructura Porcentual
"NAVARRA, COMUNIDAD FORAL DE",0.013967153007172606,2021,Estructura Porcentual
PAÍS VASCO,0.046554360590367244,2021,Estructura Porcentual
"RIOJA, LA",0.006741743898214874,2021,Estructura Porcentual
CEUTA,0.001755134454704436,2021,Estructura Porcentual
MELILLA,0.0018121604839186596,2021,Estructura Porcentual
ANDALUCÍA,0.002634096788292073,2021,Tasa de Variación Interanual
ARAGÓN,-0.0006008261359369271,2021,Tasa de Variación Interanual
"ASTURIAS, PRINCIPADO DE",-0.007194953676325722,2021,Tasa de Variación Interanual
"BALEARS, ILLES",0.002373887240356032,2021,Tasa de Variación Interanual
CANARIAS,-0.0016052100532012448,2021,Tasa de Variación Interanual
CANTABRIA,0.002572457554450347,2021,Tasa de Variación Interanual
CASTILLA Y LEÓN,-0.005231876778838074,2021,Tasa de Variación Interanual
CASTILLA - LA MANCHA,0.002443912214673327,2021,Tasa de Variación Interanual
CATALUÑA,0.0005950917864396832,2021,Tasa de Variación Interanual
COMUNITAT VALENCIANA,0.0033625412900291085,2021,Tasa de Variación Interanual
EXTREMADURA,-0.0038588235294116924,2021,Tasa de Variación Interanual
GALICIA,-0.0028901734104046506,2021,Tasa de Variación Interanual
"MADRID, COMUNIDAD DE",-0.0016496254904292407,2021,Tasa de Variación Interanual
"MURCIA, REGIÓN DE",0.0050204782666138925,2021,Tasa de Variación Interanual
"NAVARRA, COMUNIDAD FORAL DE",0.00045385779122542047,2021,Tasa de Variación Interanual
PAÍS VASCO,-0.004381408374362072,2021,Tasa de Variación Interanual
"RIOJA, LA",0.0003133813851456946,2021,Tasa de Variación Interanual
CEUTA,-0.016568047337278125,2021,Tasa de Variación Interanual
MELILLA,-0.009237875288683584,2021,Tasa de Variación Interanual
ANDALUCÍA,8547.7,2022,Número de Habitantes
ARAGÓN,1334.8,2022,Número de Habitantes
"ASTURIAS, PRINCIPADO DE",1005.5,2022,Número de Habitantes
"BALEARS, ILLES",1198.5,2022,Número de Habitantes
CANARIAS,2199.3,2022,Número de Habitantes
CANTABRIA,586.9,2022,Número de Habitantes
CASTILLA Y LEÓN,2379.6,2022,Número de Habitantes
CASTILLA - LA MANCHA,2071.2,2022,Número de Habitantes
CATALUÑA,7831.9,2022,Número de Habitantes
COMUNITAT VALENCIANA,5162.2,2022,Número de Habitantes
EXTREMADURA,1055.6,2022,Número de Habitantes
GALICIA,2696.1,2022,Número de Habitantes
"MADRID, COMUNIDAD DE",6807.6,2022,Número de Habitantes
"MURCIA, REGIÓN DE",1540.7,2022,Número de Habitantes
"NAVARRA, COMUNIDAD FORAL DE",668.3,2022,Número de Habitantes
PAÍS VASCO,2211.1,2022,Número de Habitantes
"RIOJA, LA",320.9,2022,Número de Habitantes
CEUTA,83.1,2022,Número de Habitantes
MELILLA,85.2,2022,Número de Habitantes
ANDALUCÍA,0.17887456577240196,2022,Estructura Porcentual
ARAGÓN,0.02793286736701126,2022,Estructura Porcentual
"ASTURIAS, PRINCIPADO DE",0.021041727702674422,2022,Estructura Porcentual
"BALEARS, ILLES",0.025080567530238983,2022,Estructura Porcentual
CANARIAS,0.04602394006612816,2022,Estructura Porcentual
CANTABRIA,0.01228183986941782,2022,Estructura Porcentual
CASTILLA Y LEÓN,0.04979701167706022,2022,Estructura Porcentual
CASTILLA - LA MANCHA,0.043343238605449294,2022,Estructura Porcentual
CATALUÑA,0.16389528313732055,2022,Estructura Porcentual
COMUNITAT VALENCIANA,0.10802745574017494,2022,Estructura Porcentual
EXTREMADURA,0.022090151927342736,2022,Estructura Porcentual
GALICIA,0.05642029046164148,2022,Estructura Porcentual
"MADRID, COMUNIDAD DE",0.14246013476750513,2022,Estructura Porcentual
"MURCIA, REGIÓN DE",0.032241660737454485,2022,Estructura Porcentual
"NAVARRA, COMUNIDAD FORAL DE",0.013985267651613443,2022,Estructura Porcentual
PAÍS VASCO,0.04627087431465283,2022,Estructura Porcentual
"RIOJA, LA",0.006715355961997237,2022,Estructura Porcentual
CEUTA,0.0017390030552881595,2022,Estructura Porcentual
MELILLA,0.0017829489808730591,2022,Estructura Porcentual
ANDALUCÍA,0.007009731156193411,2022,Tasa de Variación Interanual
ARAGÓN,0.003081085143157747,2022,Tasa de Variación Interanual
"ASTURIAS, PRINCIPADO DE",-0.0017869552268440225,2022,Tasa de Variación Interanual
"BALEARS, ILLES",0.013702106064450659,2022,Tasa de Variación Interanual
CANARIAS,0.01028986172998314,2022,Tasa de Variación Interanual
CANTABRIA,0.003934314060896282,2022,Tasa de Variación Interanual
CASTILLA Y LEÓN,0.001220179240122965,2022,Tasa de Variación Interanual
CASTILLA - LA MANCHA,0.009898093519917994,2022,Tasa de Variación Interanual
CATALUÑA,0.012592927791065911,2022,Tasa de Variación Interanual
COMUNITAT VALENCIANA,0.0176434640329608,2022,Tasa de Variación Interanual
EXTREMADURA,-0.002645502645502784,2022,Tasa de Variación Interanual
GALICIA,0.001895206243032188,2022,Tasa de Variación Interanual
"MADRID, COMUNIDAD DE",0.013382556529764722,2022,Tasa de Variación Interanual
"MURCIA, REGIÓN DE",0.012685684238201711,2022,Tasa de Variación Interanual
"NAVARRA, COMUNIDAD FORAL DE",0.010585210948132362,2022,Tasa de Variación Interanual
PAÍS VASCO,0.0031303874421559907,2022,Tasa de Variación Interanual
"RIOJA, LA",0.005325814536340845,2022,Tasa de Variación Interanual
CEUTA,0.0,2022,Tasa de Variación Interanual
MELILLA,-0.006993006993006978,2022,Tasa de Variación Interanual
